{
  "sizes": [
    2,
    2,
    1
  ],
  "weights": [
    [
      [
        -8.008322019707641,
        -8.04605722633376
      ],
      [
        -8.008322019707636,
        -8.046057226333755
      ]
    ],
    [
      [
        -5.023050982357182,
        -5.0230509823571765
      ]
    ]
  ],
  "biases": [
    [
      -0.0334116509163067,
      -0.03341165091631145
    ],
    [
      0.6774425856726181
    ]
  ]
}